,Feature 1,Feature 2,Feature 3,Feature 4,Feature 5,Feature 6,Feature 7
1/1/2017,26.845,5085.4,2332.2,0.93,2.99,104.733,2.4024
2/1/2017,32.34,5023.2,2364.4,1.9,0,127.116,5.088
3/1/2017,24.3,8080.8,2180.25,2.76,0,107.0615,5.3417
4/1/2017,26.19,10028,1665.6,5.82,0.931,140.058,3.7824
5/1/2017,29.45,4985.8,1786,4.32,4.2971,161.5284,2.6695
6/1/2017,21.62,4600,1761.8,2.7,3.9004,110.492,2.303
7/1/2017,17.28,4851,1930.5,0.98,0.756,84.9252,2.7832
8/1/2017,18.2,5128.2,2195.2,1.82,2.1216,84.8255,3.382
9/1/2017,19.2,3979.8,1806.35,1.44,1.4355,93.7068,2.8616
10/1/2017,21.07,4821.6,1592.5,1.455,0.4042,114.2598,2.6578
11/1/2017,20.64,8662.5,1808.85,0.93,1.0044,100.5914,3.1262
12/1/2017,22.08,9280.6,2280,2.88,3.8,90.0612,3.384
13-01-2017,17.15,8854,1810.9,1.86,1.9656,85.3018,2.898
14-01-2017,18.05,8280,1966.5,1.94,0,89.9542,2.898
15-01-2017,19.27,8726.4,2023.5,1.82,0.1584,92.3904,3.5344
16-01-2017,22.31,4725,1857.6,2.91,1.899,114.1056,2.964
17-01-2017,21.56,11466,1896,4.85,0,102.4788,2.8616
18-01-2017,22.56,11067,2279.55,4.5,1.102,92.9357,3.22
19-01-2017,22.295,10450,2583.9,4.6,3.6278,90.1152,3.303
20-01-2017,19.305,5538.7,1910.4,2.82,2.79,93.0905,2.4388
21-01-2017,18.24,5671.5,1804.8,1.365,0,100.0494,2.4831
22-01-2017,19.32,5888,1889.4,2.79,0,99.256,2.9997
23-01-2017,19.8,5472,1692,2.91,0,108.8286,3.4435
24-01-2017,27.9,7056.4,2174.9,3.29,1.3724,123.0096,4.0449
25-01-2017,22.5,8574.4,2123.25,1.86,2.2227,105.1484,3.4028
26-01-2017,16.92,9050.1,1583.4,0.96,1.248,98.2775,3.4307
27-01-2017,21.385,7326,1988.35,3.36,1.2804,100.0215,5.3568
28-01-2017,24.01,7889,2083.2,1.365,0,103.911,5.6232
29-01-2017,30.03,7587,2648.1,2.7,1.0829,105.462,5.409
30-01-2017,21.39,6844.8,2347.2,0.94,3.22,91.2479,3.033
31-01-2017,19.53,7139.2,1978,1.92,0,96.6933,3.094
1/2/2017,22.8,8613,2284.8,2.88,1.7952,92.7728,3.9396
2/2/2017,19.95,6336,2074.05,1.94,2.88,97.2328,2.8336
3/2/2017,17.29,5965.5,1710,1.98,1.581,93,2.716
4/2/2017,19.53,5311,1830.8,1.38,0,104.4747,3.0086
5/2/2017,24.44,6203.1,2180.8,0.95,0,110.9493,3.8502
6/2/2017,25.65,9996,2128.5,4.75,0,107.3104,5.8176
7/2/2017,29.14,8712.4,2813,3.72,0.0686,100.486,6.5412
8/2/2017,27.93,10010,2462.4,5.58,1.3485,106.6656,5.787
9/2/2017,35.945,8850.6,2973.05,4.95,2.6312,122.4265,7.391
10/2/2017,29.585,7353,2827.55,2.85,3.3659,96.2596,5.3184
11/2/2017,21.85,7670.4,2171.2,2.94,3.1816,94.5362,2.7755
12/2/2017,20.295,7529.4,1977.6,2.25,3.159,89.559,1.9602
13-02-2017,16.975,6144.6,1734.6,1.425,0.0294,90.9604,1.7738
14-02-2017,21.34,7415.2,1950.5,2.82,0,99.6588,2.1146
15-02-2017,22.56,9244.8,2139,1.365,0.8742,99.1008,2.4346
16-02-2017,24.91,8835,2317.1,4.8,2.1462,98.9092,2.7839
17-02-2017,21.385,8065.4,2245.95,2.97,0.7189,87.579,3.3345
18-02-2017,21.385,4693,2171.2,0.91,1.6638,91.6136,3.9246
19-02-2017,23.76,5593.6,2079,1.47,0.9212,93.51,5.605
20-02-2017,25.22,5766,2185,1.82,1.9902,106.2576,4.4253
21-02-2017,20.925,7454.2,2151.75,4.9,0,95.3664,4.2336
22-02-2017,23.5,10246,2341.35,6.37,1.017,101.4816,4.048
23-02-2017,24.48,7507.2,2394,2.88,1.9392,91.067,4.944
24-02-2017,19.95,7276.5,2167.52,1.86,0.3404,86.4561,4.4317
25-02-2017,21.34,8694,2212.6,2.94,1.8308,85.9912,4.3956
26-02-2017,19.6,8937.3,2042.4,1.96,2.0384,82.8828,3.1004
27-02-2017,17.575,7401.1,2072.7,0.93,0.126,82.222,3.681
28-02-2017,19.11,6536.6,2203.2,4.9,2.4415,80.7215,3.2472
1/3/2017,15.035,9870,2118.6,5.94,1.0058,68.0842,2.914
2/3/2017,17.9769,8909.4,2346.5,2.325,0.8281,75.1296,3.7927
3/3/2017,19.27,8290.1,2598.75,0.95,1.2672,73.414,3.5502
4/3/2017,19.6,6557.2,2356.9,1.455,1.1286,73.359,4.0061
5/3/2017,21.385,7977.2,2846.9,1.425,0.2619,80.091,5.5893
6/3/2017,19.8,6136.4,2125.05,1.98,2.3265,79.6523,3.404
7/3/2017,16.835,9462,2119.7,2.73,1.287,75.4768,3.9402
8/3/2017,18.43,8390.2,2326.5,4.5,1.2969,75.2346,4.1664
9/3/2017,15.925,6587.2,1961.75,3.76,1.178,78.8175,3.3852
10/3/2017,16.2,6777.6,2160,2.85,0.5472,72.75,4.5984
11/3/2017,18.33,6604.8,2176.1,1.98,2.0111,78.3339,3.7444
12/3/2017,15.18,6849.5,2041.35,2.88,0,72.1632,3.726
13-03-2017,18.72,7402.8,2133,2.79,0.4554,74.052,5.3559
14-03-2017,13.58,7474.5,2376.15,18,0.5796,54.2421,6.3262
15-03-2017,22.275,5517.4,2197.65,1.9,2.147,87.5798,5.643
16-03-2017,18.81,6401.4,2162,4.7,1.0272,76.0012,5.4219
17-03-2017,18.4,6075,2385,0.94,1.1776,74.7153,5.9136
18-03-2017,20.79,5014.9,2576.1,1.82,1.1484,75.0519,7.3055
19-03-2017,17.48,4266.9,2416.5,0.99,1.4651,65.8068,6.0442
20-03-2017,18.81,7624.2,2346,3.92,0.1365,69.2943,5.8512
21-03-2017,19.8,7296.3,2447.9,4.7,1.0788,73.6065,6.1936
22-03-2017,19.27,6579,2707.65,0.98,0,68.2045,8.0352
23-03-2017,21.285,6652.8,2599.35,1.94,0.1034,73.8432,9.9297
24-03-2017,17.82,8332.3,2418,5.58,1.9206,65.0762,7.84
25-03-2017,16.65,8296.2,2236.65,2.4,0.8924,73.074,6.9355
26-03-2017,20.46,9038.7,2634.69,2.376,0.855,70.6706,8.5652
27-03-2017,19.4,7585.4,2410.8,4.6,2.5482,73.17,4.826
28-03-2017,17.86,6876,2273.6,4.75,0,79.443,5.488
29-03-2017,20.9,7459.2,2704.8,2.25,1.0355,75.7245,5.5664
30-03-2017,20.24,7636,2327.5,4.05,1.3248,83.514,4.158
31-03-2017,21.39,9379.9,2244.2,2.82,1.737,99.4356,3.7828
1/4/2017,21.15,7623.4,2259,1.94,1.083,80.676,3.7947
2/4/2017,23.76,7325.5,2419.2,1.44,0.437,87.6208,4.4352
3/4/2017,23.28,9126.4,2455.75,3.8,0.8928,84.4844,5.5242
4/4/2017,16.835,9506,1833.65,6.65,1.558,89.0557,3.094
5/4/2017,22.32,7858.5,2137.5,2.76,2.4024,92.966,3.024
6/4/2017,21.62,7256.7,2052.05,3.72,2.4552,98.94,2.8224
7/4/2017,13.34,8556,1655.4,6.72,0.8712,79.8308,2.3901
8/4/2017,23.92,0,2317.5,1138.5,1.0856,95.9215,3.4498
9/4/2017,21.6,8134,2331.2,2.91,2.1364,81.657,2.8294
10/4/2017,20.09,6910.2,2168.1,4.7,1.426,87.9934,2.6166
11/4/2017,19.35,6726,1892.8,3.72,1.3871,93.033,2.6754
12/4/2017,22.56,7672.5,1997.5,5.64,0.1568,103.9546,3.2568
13-04-2017,22.275,3753.6,2167.95,1.88,2.2176,97.6499,3.8855
14-04-2017,22.275,3781.2,1983.4,0.99,0.047,97.0424,4.32
15-04-2017,21.385,4716,2061.15,1.8,3.5904,95.45,4.059
16-04-2017,17.48,4713.6,1715.85,1.92,0,93.7118,4.3008
17-04-2017,19.565,0,1815.45,5123,0,103.4592,5.436
18-04-2017,21.16,4213.6,1980,0.99,0.018,98.277,8.7417
19-04-2017,23.9603,5542.8,2177.63,1.88,0.3948,103.4282,9.212
20-04-2017,28.5,4195.2,2318,0.97,0.9494,121.7205,11.2148
21-04-2017,26.46,7713,2337.3,4.5,0,109.8137,9.396
22-04-2017,45.54,9292,2890.6,3.84,1.4535,152.8164,19.4726
23-04-2017,32.495,7020.5,2496,4.7,2.1504,124.9845,9.114
24-04-2017,25.2,0,2240.7,0,1.0944,113.9374,6.3732
25-04-2017,24.225,0,2376,5.7,2.2936,91.7605,4.734
26-04-2017,23.3568,4895.8,2118.5,5.76,0.9292,103.645,4.0608
27-04-2017,20.7,8054.4,2115,6.51,0.4732,91.0191,4.0896
28-04-2017,27.3,9025,2347.8,2.7,0.6555,106.9776,3.9008
29-04-2017,23.92,8844.5,2299,1.395,0,103.1424,4.7718
30-04-2017,24.735,9720,2420.55,1.84,0.9996,103.2471,5.1313
1/5/2017,16.1667,12788,1833,5.82,0.7392,77.8782,3.7758
2/5/2017,11.7,14946,1784.8,5.58,0,69.237,5.4514
3/5/2017,22.8,1274,2279.5,1.82,1.1172,93.9596,7.0015
4/5/2017,16.2,9230.8,1936.4,0.94,2.1681,79.5158,4.2394
5/5/2017,9.1,0,1242,0,0.144,68.8851,2.9716
6/5/2017,12.555,0,1741.5,4.6,0,69.0723,4.095
7/5/2017,21.12,0,0,4.85,1.0296,0,0
8/5/2017,16.45,0,0,3.92,1.927,0,0
9/5/2017,14.72,6700.8,1224,1.96,1.1712,110.591,3.339
10/5/2017,14.725,6997.9,1278,1.82,0,100.418,3.216
11/5/2017,16.74,5713.2,1619.75,2.73,0,98.1801,6.8288
12/5/2017,18.13,5952,1559.4,3.92,0,102.5916,7.2168
13-05-2017,20.855,6063.6,1718.4,0.96,0,111.7023,7.2072
14-05-2017,16.66,6224.4,1805,1.98,0,88.5753,10.7088
15-05-2017,22.77,6670,2001.16,1.86,0,101.367,29.5818
16-05-2017,21.855,6697.6,2037,3.88,0,105.186,0
17-05-2017,25.38,6720,2026.76,5.46,0,111.5296,0
18-05-2017,23.25,7722.26,1978.8,6.58,0.2726,121.3245,124.6952
19-05-2017,25.935,8563.5,2198.8,6.37,0.3528,116.865,57.6667
20-05-2017,34.65,7310.8,2328.48,3.325,1.9474,134.0521,13.8432
21-05-2017,18.45,6417,1818.9,1.84,0.891,99.5836,7.8442
22-05-2017,22.785,6651,2134.4,2.3,0.9114,97.152,7.8565
23-05-2017,16.92,4876,1706.55,1.82,2.0988,97.1091,4.5493
24-05-2017,14.4,5356.8,1564,1.455,0.4356,86.4752,3.771
25-05-2017,16.005,0,1627.5,0,0,84.861,4.3616
26-05-2017,22.05,10290,1912.5,3.88,0.1638,101.6448,4.986
27-05-2017,23.765,7229.5,2223,1.82,0.9785,98.1981,7.2865
28-05-2017,28.5,8435.1,2229.5,1.88,0.0744,116.3275,8.0631
29-05-2017,22.08,0,2247.7,0,0.594,84.7392,9.1532
30-05-2017,25.705,7910.1,2224.95,1.82,2.052,101.8772,8.4744
31-05-2017,24.38,7593.3,2002.2,1.86,0.3813,111.969,6.9258
1/6/2017,26.88,8303.2,2173.5,1.84,0.0099,111.3024,7.4336
2/6/2017,0,0,0,0,0.2688,0,0
3/6/2017,28.665,6507.5,2345.3,1.98,2.1526,114.8875,6.4885
4/6/2017,26.235,7105.2,1983.4,1.9,2.1978,118.0546,3.9858
5/6/2017,17.575,5494.5,1761.6,1.581,1.638,96.7872,3.2618
6/6/2017,17.28,0,1606.15,1.82,0,98.9206,4.2085
7/6/2017,17.48,7408.8,1823.6,1.82,0,98.0282,4.8791
8/6/2017,20.855,8436,2222.55,2.475,0,88.1084,5.5428
9/6/2017,21.6,7893.6,2336.4,3.465,0.414,88.6662,5.346
10/6/2017,28.67,6570,2177.65,2.73,2.0988,123.6326,5.3956
11/6/2017,25.44,6534,1925.1,4.65,0,116.4982,7.498
12/6/2017,22.1635,7672.8,1886.4,3.72,0,103.5183,12.7296
13-06-2017,24.84,8351.7,2051.6,2.25,0.9114,113.8152,9.072
14-06-2017,21.16,6324.5,2195.2,1.455,0.893,101.6532,8.019
15-06-2017,18.9,7019.6,2131.2,0.95,0,93.6441,7.7995
16-06-2017,22.785,6499.2,2189.75,1.44,0.3496,96.7239,8.1536
17-06-2017,27.93,5841,2256,4.55,1.7472,111.625,9.3248
18-06-2017,26.32,7144,2289.6,2.88,0.8091,105.66,7.7794
19-06-2017,21.39,0,2129.1,3.64,0.6825,93.426,6.7023
20-06-2017,27.36,7699.2,2208,2.85,0.5734,113.9972,6.696
21-06-2017,24.48,8162.7,2375,4.275,0.3168,91.8,8.2745
22-06-2017,22.08,9898,2270.1,4.032,0.7462,92.4234,6.4202
23-06-2017,21.285,7698.6,2047,3.8,1.512,91.7985,4.693
24-06-2017,23.265,6030,2013.45,0.93,0.9996,104.208,5.39
25-06-2017,26.97,6644.4,2375,0.95,0,110.2,7.3892
26-06-2017,26.68,8270.8,2270.5,2.94,0,115.273,7.802
27-06-2017,23.275,10080,2200.1,4.75,0.0455,103.6735,7.695
28-06-2017,30.485,9790.2,2384.2,5.17,2.2848,116.3526,6.0348
29-06-2017,25.38,6706.7,2107.2,0.9,1.0488,120.5498,4.806
30-06-2017,16.2,9038.7,1742.65,2.76,0,92.1102,5.661
1/7/2017,30.36,6733.2,2479.95,0.96,0,129.1052,10.1753
2/7/2017,27.72,6435.6,2608.65,0.97,0,104.1348,10.7898
3/7/2017,38.18,7593.3,2673,4.368,2.0544,152.163,6.5611
4/7/2017,23,5733,2180.85,4.7,1.2707,104.4778,5.0232
5/7/2017,19.74,6066.2,2116.8,1.8,1.3377,88.4702,5.9755
6/7/2017,18.43,6545.5,1918.2,3.68,0,85.6622,6.8705
7/7/2017,18.05,6732.6,1773,1.44,0,89.6985,6.723
8/7/2017,21.6,6916,2182.5,3.255,0,94,7.7077
9/7/2017,24.48,5373,2518.6,1.8,0,90.2902,9.2684
10/7/2017,26.4033,7905,2302.3,4.23,0.5292,100.149,13.1502
11/7/2017,24.5,6843.2,2179.45,2.76,1.9552,101.2486,10.494
12/7/2017,21.78,5660.2,1908,1.47,1.1067,95.4684,9.5665
13-07-2017,24.25,5299.2,2046,1.41,0,107.958,10.5252
14-07-2017,22.5,7400.5,2445.3,0.93,0.0396,93.1132,11.5929
15-07-2017,26.505,6849.5,2443.2,1.455,0,105.2612,11.1872
16-07-2017,29.4,7735,2508,3.6,0.1729,109.0944,11.0871
17-07-2017,29.76,7853.3,2593.5,2.592,1.7949,110.1435,8.4192
18-07-2017,22.95,7012.2,2303.75,2.275,0,96.633,11.9989
19-07-2017,24.75,7240.4,2434.7,4.512,0.2475,94.62,17.072
20-07-2017,20.475,6652.1,2095.2,4.7,1.767,97.9198,8.1081
21-07-2017,24.75,6863.2,2522,3.29,0.456,93.2655,8.73
22-07-2017,24,8360,2334.3,4.75,0,98.604,8.2712
23-07-2017,35.52,7551.6,2631.9,4.8,0.6174,125.5104,8.5069
24-07-2017,27.26,7920,2315.95,1.98,0.1666,111.671,10.872
25-07-2017,25.705,5282,2313.8,1.44,1.1484,104.3163,8.4175
26-07-2017,30.555,7562,2303.75,2.45,0,128.601,9.3258
27-07-2017,19.32,9263.5,2141.3,1.26,0.2256,95.1489,11.862
28-07-2017,31.35,7480.2,2507.05,4.95,1.3034,113.791,11.952
29-07-2017,32.2,6745,2385,2.85,1.9504,129.4384,7.334
30-07-2017,26.04,5715,2157.4,0.92,1.2125,117.012,6.042
31-07-2017,20.93,6089.5,2356,3.441,0,84.3934,6.5596
1/8/2017,23.75,3311.7,2450,2.7,0,97,8.6025
2/8/2017,29.585,6597,2566.8,3.465,0.209,106.0896,9.702
3/8/2017,31.28,7808.5,2674.25,3.84,2.0352,114.741,7.1052
4/8/2017,25.575,6988.8,2292.45,1.94,1.7298,107.0976,5.7868
5/8/2017,30.07,7396.8,2457.6,1.35,0.99,113.8246,6.9184
6/8/2017,25.22,5961.3,2272.5,0.455,1.9228,94.7324,6.419
7/8/2017,18.86,6283.6,1979.6,1.47,1.6289,99.4602,3.753
8/8/2017,17.3631,7365.6,1911,0.98,0,89.9956,3.4968
9/8/2017,18.86,7663,2189.75,1.649,0,80.9354,4.3708
10/8/2017,16.74,7632.8,2143.6,2.4,0,74.16,5.7327
11/8/2017,25.0698,8379,2369.71,0.95,0,106.9866,7.999
12/8/2017,26.04,8234.4,2409.6,0.9,0.9555,101.5105,8.0275
13-08-2017,23.52,7562.1,2284.75,1.8,1.2052,89.811,8.4539
14-08-2017,23.76,8640,2308.5,1.395,0,93.8315,14.3143
15-08-2017,30.4,8289,2539.2,0.96,0.2619,104.346,15.1029
16-08-2017,23.275,8742,2139,1.96,1.9646,102.2592,6.5565
17-08-2017,20.925,6984.3,2156,1.44,0.9604,97.1565,5.076
18-08-2017,30.15,7731,2479.4,1.82,0,118.085,6.7718
19-08-2017,29.76,6338.8,2464.5,1.455,1.2445,114.7125,6.633
20-08-2017,26.675,6058.8,2270.4,0.97,1.7484,109.3032,5.3392
21-08-2017,19.53,5979.6,1889.4,1.8,0.9384,98.2112,4.2275
22-08-2017,20.855,7303.8,1948.5,1.96,0,93.3514,4.9056
23-08-2017,28.975,7598.5,2410.8,1.365,0,114.0616,7.6544
24-08-2017,31.68,6894,2430,0.92,1.426,109.0384,8.036
25-08-2017,25.65,7200,2218.4,1.96,0.8428,106.4013,6.1838
26-08-2017,27,9069.5,2577.4,4.9,0.7584,102.663,6.6976
27-08-2017,24.5364,7280,2306.7,1.84,1.1776,93.654,6.8887
28-08-2017,27.55,8920.5,2419.6,5.88,0.6336,103.6538,7.6832
29-08-2017,29.925,8123.6,2570.9,3.92,1.6464,110.5632,5.738
30-08-2017,24.38,7938,2366.4,0.48,0.8648,105.3598,4.3134
31-08-2017,28.975,9033.4,2472,3.84,0,110.1585,5.58
1/9/2017,26.68,8881.5,2544,3.29,1.7751,108.3357,5.1579
2/9/2017,26.97,6683.6,2226.15,1.47,1.456,121.3056,3.8402
3/9/2017,21.85,6852.6,2214.8,3.185,0,91.593,4.5591
4/9/2017,26.235,6507.2,2546.25,0.96,0,97.9215,6.4896
5/9/2017,28.32,8334,2498.5,1.82,0,104.3181,8.5652
6/9/2017,41.16,9216.9,3039.4,1.86,1.0374,121.9775,11.0979
7/9/2017,21.375,6749.2,2286.2,1.82,1.0656,86.9184,6.72
8/9/2017,24.75,7281.9,2436.75,3.92,0.5922,93.5712,9.072
9/9/2017,21.6,7939.8,2502,3.36,1.8018,85.4667,9.4545
10/9/2017,21.15,8535.8,2541.4,2.79,1.584,83.3036,6.1465
11/9/2017,22.2166,8017.1,2214,1.485,0.6164,85.6995,5.2371
12/9/2017,2729.55,8948.8,25.38,1.683,1.3152,1000074.077,0.045
13-09-2017,19.885,6780.4,2058.6,0,1.4378,88.9295,3.465
14-09-2017,18.655,7596,2049.2,1.425,0.8232,87.4572,3.8313
15-09-2017,30.6,6849,2582.4,0.97,0,122.5983,4.7656
16-09-2017,26.845,7419.5,2617.4,0.98,0.49,97.4686,6.468
17-09-2017,29.45,6066,2470.5,1.41,0.873,109.5421,7.3854
18-09-2017,23.46,10010,2582.4,4.8,1.0379,85.32,6.3923
19-09-2017,35.15,8835,2487.75,2.85,2.1344,132.7872,5.139
20-09-2017,28.06,7862.4,2475,0.92,0.8099,119.56,5.3544
21-09-2017,27.14,8136,2659.2,1.86,0,95.85,7.2567
22-09-2017,32.16,10323,2734.2,0,1.045,103.6945,5.904
23-09-2017,45.57,10622,2992.5,2.85,2.064,140.004,4.8791
24-09-2017,25.76,9114,2580.2,1.8,2.014,96.8392,3.3558
25-09-2017,22.785,8751.4,2182.5,3.395,1.3442,90.927,3.059
26-09-2017,26.235,6138,2401.2,4.85,1.6366,97.4688,3.5126
27-09-2017,26.235,0,2397,3.78,0.1547,99.7632,3.64
28-09-2017,28.13,7571.6,2688,3.64,2.3474,93.213,3.2016
29-09-2017,24,4653,2462.4,1.47,1.552,89.6724,3.2585
30-09-2017,23.97,6604.8,2368.8,0.91,1.0101,91.071,3.9479
1/10/2017,25.575,6722.1,2398.5,0.97,0.9894,100.0943,4.9179
2/10/2017,25.48,8361,2547.22,3.22,0.414,94.0595,5.301
3/10/2017,33.12,8691.2,2796.5,3.6,0.1001,104.373,7.056
4/10/2017,20.7,9568,2334.3,3.76,2.1631,83.3833,4.4748
5/10/2017,37.2,8478,2678.4,3.6,2.0832,127.7788,4.8786
6/10/2017,31.35,10088,2714.53,3.64,2.037,105.0985,4.5936
7/10/2017,23.52,7567,2726.4,3.255,1.862,77.643,3.7318
8/10/2017,23.03,7653.9,2717.55,0.92,1.9982,82.1856,3.069
9/10/2017,20.21,7728,2429.85,3.906,1.9894,83.2551,2.7048
10/10/2017,20.925,7689.2,2435.3,1.92,1.1058,84.2022,2.4929
11/10/2017,24.91,7821,2555.95,2.425,0,98.5586,3.173
12/10/2017,28.8,8476.8,2735.4,3.36,0.8526,102.1248,3.7628
13-10-2017,2871,7452,29.76,1.84,1.7952,860645.1604,0.0465
14-10-2017,2474.8,5510.8,23.28,0.92,1.035,1031166.664,0.0372
15-10-2017,2500.4,7566,23.04,0.93,0,1008583.33,0.048
16-10-2017,838.7232,10580,1789.06,2.73,0.918,4221.705,4.8708
17-10-2017,23.4,8800.4,2618.55,2.25,1.953,91.419,5.1894
18-10-2017,17.29,7732.2,2346,1.425,1.0878,73.0198,4.3803
19-10-2017,1133.17,6435,1231.9,2.4,0.0651,9397.2087,2.6532
20-10-2017,2267.8,6044.4,17.48,1.94,1.485,1232499.999,0.0388
21-10-2017,18.45,5105.7,2460.15,0.99,0.8712,75.0659,5.247
22-10-2017,19.35,5757,2343.6,0.91,0.0093,81.9072,5.49
23-10-2017,20.21,9290.7,2429.9,4.032,0.456,80.6749,6.631
24-10-2017,23.28,8657.4,2290.5,2.425,0.5664,90.528,8.554
25-10-2017,22.54,8353.6,2601.9,4.95,0.2134,83.9748,11.058
26-10-2017,24.5,7316.4,2327.6,4.65,2.0758,95.8457,6.4914
27-10-2017,20.925,8876.84,2380.8,1.98,0,83.4716,8.4072
28-10-2017,24.57,7717.4,2465.6,0.96,0.8624,99.7425,8.397
29-10-2017,21.85,7430.4,2180.85,1.455,1.008,93.176,5.952
30-10-2017,22.31,8372,2185.4,3.96,0.2457,97.983,6.2916
31-10-2017,37.125,6652.1,2488.6,3.76,1.4208,134.4711,6.7228
1/11/2017,21.56,10290,1915.65,5.82,0.9797,111.426,3.8584
2/11/2017,32.775,8939.7,2475,4.5,1.5792,136.62,5.5392
3/11/2017,23.8731,9048.6,2124.48,0,0,114.84,4.743
4/11/2017,32.43,7449.6,2465.1,2.76,0.837,137.1645,5.4238
5/11/2017,22.05,6640.2,1845,2.73,2.6264,104.272,3.629
6/11/2017,19.74,8102.4,1883.7,4.41,0,95.363,3.838
7/11/2017,29.4,0,2134.4,0,0.3895,124.1376,4.6683
8/11/2017,24.4869,6624,2101.8,1.96,1.269,113.005,4.8768
9/11/2017,25.245,6844.8,2326.5,1.82,0.2178,107.4249,6.5645
10/11/2017,31.85,6003,2320.5,0.91,1.2672,127.6425,6.3261
11/11/2017,22.8,6848.2,2147,2.79,1.8915,96.6329,4.7904
12/11/2017,22.56,4622.8,2121.6,0.495,0,98.8869,7.0434
13-11-2017,25.935,7812,2170.75,2.73,0.7161,117.2462,6.282
14-11-2017,24.115,7575.4,2291.85,1.86,1.0925,106.4571,5.766
15-11-2017,29.1168,6081.8,2280.96,0.99,0,122.544,7.272
16-11-2017,29.9,5760,2264.55,2.88,0,125.4618,7.92
17-11-2017,60.48,7047.2,2799,1.38,0.2366,184.3387,12.8712
18-11-2017,37.765,9300,2547.4,5.7,1.539,142.4202,12.1128
19-11-2017,21.84,6120,1931.93,5.82,2.034,104.006,5.7624
20-11-2017,21.12,6940.8,2087.4,2.76,0.6138,98.1255,5.526
21-11-2017,22.295,8638.6,2420.15,2.76,0.624,95.254,7.0288
22-11-2017,22.54,6579.3,2405.7,2.91,1.5792,93.7626,5.1051
23-11-2017,21.78,8811,2322.6,1.8,0.1455,91.9017,4.8128
24-11-2017,22.56,7779.4,2318.4,0.93,2.286,88.5732,3.9552
25-11-2017,20.79,6804,2070.25,0.92,0,89.5407,4.2588
26-11-2017,21.7632,8635.5,2225.7,0.97,0.3102,83.4197,5.934
27-11-2017,17.94,7469,2179.2,1.455,1.512,82.464,4.8694
28-11-2017,18.8,7272.6,2119.5,1.455,0.9215,83.2314,4.947
29-11-2017,16.92,9166.5,2435.4,1.455,0,70.2432,6.3175
30-11-2017,21.15,8742,2509.8,2.94,0.9752,80.9692,5.9232
1/12/2017,19.6,8028.9,2120.4,2.325,1.269,79.8252,5.8513
2/12/2017,22.05,7952.4,2328,1.425,0,86.2854,6.1243
3/12/2017,23.4,8084.5,2468.65,0.97,0.8918,93.9872,5.9241
4/12/2017,21.62,8208,2223,0.92,1.6102,90.4268,5.6163
5/12/2017,20.79,8319,2093.85,0.92,0.8554,98.2971,4.8081
6/12/2017,23.66,7380.1,2371.5,2.4,0.2744,99.9208,5.7855
7/12/2017,32.01,8759.1,2162,1.84,1.116,133.4085,4.932
8/12/2017,26.1,7645.2,2279.55,1.35,0,107.6661,7.2128
9/12/2017,22.08,0,2352.9,0,0.7154,89.1684,6.1006
10/12/2017,35.28,6602.5,2408.25,1.365,0,132.0693,7.5051
11/12/2017,34.65,10464,2429.9,3.84,0.7917,140.0036,8.442
12/12/2017,29.575,7344,2255.25,4.85,2.1146,132.6798,6.6934
13-12-2017,31.85,6300,2182.5,2.76,1.638,129.897,5.1042
14-12-2017,20.925,8012.2,2206.75,2.475,0,93.955,6.2568
15-12-2017,23.75,9476,2270.45,3.96,0.036,93.186,6.4214
16-12-2017,26.39,6336,2334.3,2.82,1.8912,103.986,5.1506
17-12-2017,23.85,8439,2356.9,2.76,0.342,104.6805,4.8
18-12-2017,22.795,8280,2322.75,3.68,0.8827,86.499,4.8546
19-12-2017,23.52,9584.4,2306.4,2.88,1.4453,93.8669,5.6331
20-12-2017,21.62,9263.5,2205,1.82,0,90.1248,7.3557
21-12-2017,29.4,0,2564.1,0,0.9025,111.1968,6.0264
22-12-2017,23.0503,9077.25,2421,2.97,1.0573,90.3936,5.7024
23-12-2017,22.08,8638.6,2693.6,2.91,0.8544,73.7828,6.6681
24-12-2017,20.64,6034.8,2518.6,1.92,1.7019,77.8038,4.902
25-12-2017,20.295,5179.6,2083.8,2.82,0.2646,82.3641,5.2234
26-12-2017,20.16,6679.2,2311.4,0.95,2.1582,78.546,5.4624
27-12-2017,18.81,7807.8,2106,0.98,1.1067,73.892,4.2228
28-12-2017,20.9,6630.9,2217.6,0.93,0,89.3711,4.6092
29-12-2017,24.96,9262.5,2675.4,1.84,0.4784,81.3648,6.461
30-12-2017,21.6,7935.2,2522.25,2.25,0.9108,84.976,6.118
31-12-2017,19.6,0,2142,0,1.9502,83.1897,5.28
1/1/2018,14.88,6585.6,1980,2.82,1.62,65.457,3.7037
2/1/2018,16.49,5928,1974.7,2.91,0,75.9898,4.9959
3/1/2018,18.525,8630.4,2283.15,1.425,0.4464,77.8414,6.2699
4/1/2018,18.45,10246,2529.6,2.97,0.6664,70.798,5.8752
5/1/2018,19.995,8544,2277,1.9,2.0176,78.1816,4.5695
6/1/2018,21.12,7081,2297.1,2.88,2.1203,82.8351,3.772
7/1/2018,18.315,7380,1933.75,2.94,0.171,81.8364,4.1515
8/1/2018,23.92,8428,2211.82,1.92,1.1904,99.45,4.6644
9/1/2018,23.275,6604.8,2648.25,3.96,1.0296,83.3469,4.9203
10/1/2018,23.28,5722.4,2593.8,1.94,1.2969,88.852,4.557
11/1/2018,17.76,6712.4,2499,3.8,1.8894,66.0205,3.8916
12/1/2018,16.66,18513,2052.05,4.5,0,68.6049,3.6828
13-01-2018,19.95,11280,2882.36,0.99,1.2276,63.0082,5.7424
14-01-2018,19.53,6900.3,2265.4,0.93,1.9383,84.5258,3.3396
15-01-2018,17.82,7949.7,1845,0.94,1.33,81.654,3.0294
16-01-2018,15.75,7123.8,1959.6,1.9,0,77.2304,3.3015
17-01-2018,22.54,6732,2376,2.73,0.3458,86.247,4.3956
18-01-2018,21.62,7595.1,2227.75,3.72,1.8139,96.2016,4.3164
19-01-2018,24,8350.5,2055.3,2.7,0,109.7264,4.608
20-01-2018,35.64,8854.8,2630.4,2.35,0.94,118.251,6.321
21-01-2018,30.08,8741.6,2246.6,1.82,1.9296,123.1788,5.4846
22-01-2018,24.18,7438.5,1895.2,2.73,0.7998,118.6374,4.7411
23-01-2018,20.09,8840.7,1915.55,3.76,0.414,92.5205,4.8015
24-01-2018,27.645,7479,2187.35,2.475,1.6926,117.5427,4.032
25-01-2018,19.32,10767,1838.2,2.25,1.1305,95.6432,3.627
26-01-2018,20.58,5671.5,2014.65,0.495,0,92.871,3.9867
27-01-2018,23.04,6964.4,2167.95,0.91,0,104.1586,4.9588
28-01-2018,23.275,5777.6,2280,1.365,0,92.844,8.0776
29-01-2018,32.775,5688,2198.8,2.82,0.8835,129.915,8.5824
30-01-2018,25.22,5256,2179.2,2.97,1.701,111.1038,6.3826
31-01-2018,21.56,6451.2,1851.85,3.84,1.121,100.5423,6.354
1/2/2018,18,7488.4,1915.2,1.425,0,95.2375,9.3411
2/2/2018,19,8645,1980,1.82,0.6762,94,7.5068
3/2/2018,19.2,7524,1976,1.82,1.159,92.304,6.1838
4/2/2018,21.375,7520,2175.6,1.88,0.0288,98.3095,5.9616
5/2/2018,22.77,6444.9,2124.4,0.94,0.9603,92.6107,6.3954
6/2/2018,21.34,7081,2092.5,2.88,0,94.8466,8.9474
7/2/2018,20.9,8372,2260.1,3.92,0.0184,87.8106,11.7087
8/2/2018,23.76,7290,2249.4,1.94,1.8706,95.2152,7.5264
9/2/2018,18.9,6308,2071.92,0.95,1.1115,91.4283,6.4386
10/2/2018,21.34,6130.4,2068,1.44,0.2254,97,8.3104
11/2/2018,17.55,5623.2,1997.5,0.92,0.7821,89.0072,6.8808
12/2/2018,18.24,0,2160,8830.8,0,79.3736,9.2344
13-02-2018,19.8,7335.9,2405.9,2.79,0.1358,88.7139,9.7291
14-02-2018,19.8,6949.8,2111.1,0.93,0.8428,80.1801,7.5256
15-02-2018,13.65,0,1958.4,0,0,66.177,12.1422
16-02-2018,22.09,9359,2598.25,3.36,0.228,85.0608,20.6784
17-02-2018,20.16,8349.6,2317.1,2.475,2.0516,80.9305,9.1274
18-02-2018,17.945,4978,1976.25,0.97,1.0176,78.354,7.4028
19-02-2018,19.11,5004,2136,1.44,0.8342,78.876,6.7436
20-02-2018,11.4,4434.4,1594.95,1.8,1.5936,64.3724,4.5493
21-02-2018,11.04,12288,1828.8,1.92,0,57.3209,4.7932
22-02-2018,11.96,8325.9,2156,1.92,0,57.9082,5.4054
23-02-2018,15.04,7781.2,2111.1,1.9,0,69.0704,6.4386
24-02-2018,15.52,7061.6,1979.25,0.92,0,69.1464,9.6441
25-02-2018,17.15,7699.2,2351.25,1.84,0,69.2592,14.2104
26-02-2018,17.64,8083.2,2413,1.88,0,64.4917,23.1182
27-02-2018,17.02,7101,2338.95,2.82,0.5824,70.6176,55.2384
28-02-2018,17.64,6419,1962,1.82,1.0716,80.0929,19.1712
1/3/2018,16.005,5950.2,1869.3,1.86,0,76.3437,17.4174
2/3/2018,17.28,0,2049.3,0,0,80.0032,18.886
3/3/2018,18.45,0,2257.2,0,0,82.7172,21.168
4/3/2018,0,0,0,0,0,0,0
5/3/2018,19.8432,7294.4,2352,1.485,0.0097,81.8235,23.3576
6/3/2018,22.09,6982.5,2263.5,0.98,0.2522,87.8336,30.038
7/3/2018,19.8,5700,2097.2,0.9,1.1484,89.7216,26.543
8/3/2018,18,0,2017.6,0,0,91.3425,24.6264
9/3/2018,22.2166,6115.2,2025,0.485,0.4459,91.6916,20.3205
10/3/2018,20.46,5998.4,2231,1.88,0,91.824,20.5387
11/3/2018,24.18,6631,2376,1.96,0,100.7469,22.0336
12/3/2018,22.56,6587.2,2337,1.82,0,94.6332,23.7844
13-03-2018,19.8,6224.4,2272.4,1.88,0,84.6165,28.5714
14-03-2018,23.03,7905.4,2340.6,1.9,0.114,87.7734,71.9837
15-03-2018,20.46,5587.2,2241.9,0.99,0.9672,86.7056,26.4404
16-03-2018,18.05,7814.4,2140.8,1.47,0,82.644,32.5334
17-03-2018,22.8,8118.9,2459.8,1.365,0,87.9704,35.3064
18-03-2018,25.92,7952.4,2567.6,1.92,0.784,98.928,22.1088
19-03-2018,18.8,7267.2,2133,2.76,0.9408,81.0144,12.69
20-03-2018,20.46,7529.4,2229.5,1.8,0,90.898,12.046
21-03-2018,23.25,7840.8,2180.8,2.76,0.728,102.372,10.494
22-03-2018,19.74,5787.6,1939.2,1.82,1.7205,94.6036,6.8632
23-03-2018,18.81,5642,1776.5,0.93,1.0656,98.552,5.6056
24-03-2018,19.565,5975.2,2019.6,0.98,0,95.9049,6.0636
25-03-2018,19.78,6770.6,1955.2,0.99,0,98.2015,7.52
26-03-2018,29.7,6993.6,2205,1.96,0,130.6634,10.5924
27-03-2018,26.1,0,1929.2,0,0.1078,128.5826,9.9231
28-03-2018,24.3,0,1883.7,0,1.4157,121.2999,8.6926
29-03-2018,24.57,0,1965.6,0,0,113.75,15.3945
30-03-2018,21.825,7421.4,2143.7,1.35,0,99.7738,24.8999
31-03-2018,24.255,6873.6,2213.4,0.96,0.864,96.7636,15.8016
1/4/2018,21.6969,5452,2201.9,0.9,0.8281,96.6132,11.1507
2/4/2018,20.46,6969.6,2064.6,0.91,0,90.181,11.0019
3/4/2018,21.6,6138,2059.2,1.88,0,109.611,10.566
4/4/2018,20.58,8740,1872,5.58,0,94.9024,18.8256
5/4/2018,20.79,8448,1911,4.55,0,99,18.6434
6/4/2018,24.99,6863.4,2278.5,0.9,0,98.876,21.7728
7/4/2018,27.84,5731.2,2270.45,0.98,0,109.2562,46.6368
8/4/2018,27.14,6570.6,2297.75,1.98,0,109.8202,0
9/4/2018,28.365,8930,2202.2,1.98,0,124.7697,0
10/4/2018,39.77,7905,2574.5,4.65,0.9408,140.6997,42.7595
11/4/2018,32.01,6298.5,2306.4,0.91,1.2065,126.407,18.0226
12/4/2018,23.85,7036.4,2068.8,1.98,0.9555,115.5918,10.754
13-04-2018,22.08,7110,1867.7,2.88,0.54,114.6502,8.0352
14-04-2018,26.97,7915.2,2016,3.255,0.768,121.6924,7.056
15-04-2018,23.205,7477.2,1999.8,1.44,0.735,116.1408,5.681
16-04-2018,12.69,8712,1426.5,2.97,0,81.7632,4.5299
17-04-2018,17.55,12610,2044.35,4.85,0,84.987,6.5664
18-04-2018,26.19,11210,1987.2,4.6,0.891,123.75,6.327
19-04-2018,20.16,8500.2,1860,2.79,1.843,95.55,5.1975
20-04-2018,16.66,7231.2,1862,2.76,0.582,86.7859,4.7904
21-04-2018,20.16,6867,2118.6,1.92,0,91.2609,6.6052
22-04-2018,24.25,6925.1,2273.6,1.8,0,105.6048,8.8407
23-04-2018,26.22,7218,2172.8,1.98,0.0392,114.507,8.225
24-04-2018,30.24,8183,2214.8,1.86,0.9555,131.0172,6.954
25-04-2018,23.765,8899.2,1747.2,2.97,0.108,126.324,7.2982
26-04-2018,25.705,8163.4,2034.45,2.79,1.7226,121.213,8.372
27-04-2018,23,0,2038.4,0,0.6305,109.3778,8.748
28-04-2018,27.9,0,2073.6,0,1.7391,127.7788,5.7152
29-04-2018,25.74,0,1925.1,0,1.786,115.552,3.9856
30-04-2018,17.4135,5567.8,1678.84,0.95,0,94.4196,3.6642
1/5/2018,20.58,8148,1890,1.41,0,95,4.86
2/5/2018,0,0,0,0,0,0,0
3/5/2018,29.7,0,2079.2,0,0.0651,126.103,8.2992
4/5/2018,22.5,7604.6,1913.28,3.72,1.6652,119.168,5.612
5/5/2018,35.64,5432.7,2301.75,1.9,0.294,143.9955,10.6894
6/5/2018,37.92,7905,2304,5.76,1.8718,157.9968,9.8304
7/5/2018,33.015,6735.5,2147,2.88,0.9828,153.9384,6.9184
8/5/2018,43.2,7448,2397,2.94,0.7154,171.1759,7.3062
9/5/2018,37.9102,7363.2,2354.94,1.9,0.0188,156.0819,6.4263
10/5/2018,41.65,7673.4,2313,2.76,0.9801,150.4867,5.7876
11/5/2018,27.755,7634.2,1987.2,3.325,2.016,138.376,4.8504
12/5/2018,32.16,7731.9,2064.15,2.85,1.1583,149.4231,3.9897
13-05-2018,34.08,7830.2,2227.5,2.475,0.9191,148.3132,4.8918
14-05-2018,24,7411.2,1887.9,1.425,1.2052,110.835,4.4038
15-05-2018,24.255,9785,1752.6,5.88,0,119.6073,4.1223
16-05-2018,37.6,8208,2461.14,2.97,0.8118,149.637,4.8316
17-05-2018,29.7,8607,1989,2.25,1.2972,135.8812,4.1552
18-05-2018,32.66,8342,2376,1.98,0.8526,137.5656,5.2822
19-05-2018,30.55,7849,2143.35,1.8,0.9464,135.108,4.4772
20-05-2018,40.85,8946.6,2346.5,2.79,0.8051,161.9037,5.3952
21-05-2018,36.48,5616,2239.3,1.86,1.178,149.67,4.842
22-05-2018,28.0467,7425,2023.42,3.29,0,123.5871,4.9276
23-05-2018,29.4,6777,2053.9,3.465,0.7125,123.57,5.3184
24-05-2018,31.95,6614.8,2106.8,2.25,0.8554,150.3694,6.3994
25-05-2018,28.5,7444.8,2041.35,2.88,0,128.4698,7.1155
26-05-2018,29.45,5812.5,2455.2,1.96,0,113.75,10.4625
27-05-2018,23.25,0,2385.9,0,0.2002,97.5062,13.0055
28-05-2018,35.72,7826,2313,2.85,0.9024,134.5526,14.4495
29-05-2018,27,6144,2148.2,1.86,1.7112,118.2016,8.303
30-05-2018,32.8164,6513.6,2265.6,1.92,1.3741,148.1172,6.9888
31-05-2018,38.71,6370,2326.5,1.47,0,166.4091,8.8512
1/6/2018,0,0,0,0,1.3266,0,0
2/6/2018,32.76,0,2166.9,0,2.6656,143.6943,4.6366
3/6/2018,0,0,0,0,0,0,0
4/6/2018,30.36,7275,1860.95,1.94,1.0647,146.8467,4.1856
5/6/2018,29.28,6703.2,1994.3,2.94,1.9964,134.892,3.7492
6/6/2018,21.6,5766,1743.75,1.92,0,115.2,4.6629
7/6/2018,24.25,7043.4,1931.7,2.97,0,109.485,4.7282
8/6/2018,0,0,0,0,2.037,0,0
9/6/2018,22.05,7220,1929.75,0.97,0,98.6713,6.129
10/6/2018,25.48,7313.2,2265.6,1.9,0.54,103.5598,6.2608
11/6/2018,24.225,8314.2,2166.6,2.375,0.8811,107.1972,6.3427
12/6/2018,20.9,6651,2064,1.86,1.102,101.3067,6.858
13-06-2018,1.012,7252,28.5,2286.9,0.9191,330.003,0.0855
14-06-2018,24.96,10890,2483.2,1.94,0.8051,93.4352,5.9004
15-06-2018,20.46,6840,2079,2.25,1.1155,97.4268,5.5584
16-06-2018,23.92,7430.2,2222.7,1.88,0.93,106.6142,5.0869
17-06-2018,25.38,7210.5,2131.2,1.86,1.9296,116.7552,4.1184
18-06-2018,16.56,0,1678.1,0,0.801,100.9285,3.06
19-06-2018,25.74,0,2097,0,0,110.4741,4.935
20-06-2018,0,0,0,0,0,0,0
21-06-2018,0,0,0,0,1.0476,0,0
22-06-2018,27.84,7229.5,2263.5,1.455,0.475,113.0038,7.5656
23-06-2018,26.675,6316.8,2381.4,0.94,0.9405,101.853,7.742
24-06-2018,26.675,6454.2,2303.75,0.95,0.7084,104.211,9.5883
25-06-2018,0,0,0,0,0.0372,0,0
26-06-2018,33.67,0,2259,0,2.0256,141.5136,8.2124
27-06-2018,22.9599,8439,2121.6,2.91,1.38,98.532,4.9686
28-06-2018,22.08,0,2331.2,0,0.342,93.8669,6.156
29-06-2018,0,0,0,0,1.6198,0,0
30-06-2018,0,0,2058,0,0.2156,0,4.6644
1/7/2018,26.46,0,2242,0,2.1483,109.8336,4.1382
2/7/2018,0,0,0,0,0,0,0
3/7/2018,25.175,8388.6,2327.6,3.36,0,96.3608,5.4556
4/7/2018,0,0,0,0,0.7104,0,0
5/7/2018,29.4,0,2247.7,1.86,0.9191,112.9578,5.211
6/7/2018,17.86,5477.7,1690.5,1.44,0,109.0386,6.7914
7/7/2018,20.58,8243.2,1950.4,0.92,0,94.107,7.7372
8/7/2018,30.07,7254,2613.6,2.3,0.931,109.2006,15.5036
9/7/2018,39.36,10080,2736,4.95,1.5484,130.9126,9.2001
10/7/2018,38.8,7216.8,2910.6,1.98,1.269,123.8055,7.281
11/7/2018,11.8755,7232.4,1080.08,2334.3,1.8144,101.1556,2.457
12/7/2018,19.32,6124.3,1977.6,1.35,1.1115,100.9206,4.608
13-07-2018,0,0,0,0,0,0,0
14-07-2018,33.6,7679.8,2517.5,2.4,0.94,126.7968,5.1119
15-07-2018,0,0,0,0,0.9405,0,0
16-07-2018,25.97,6651.6,2232.5,1.98,0.5856,103.7484,5.6826
17-07-2018,26.32,7003.4,2312.8,2.35,0.3783,111.5216,6.713
18-07-2018,26.88,6603,2169.6,3.88,2.2671,111.501,6.138
19-07-2018,19.95,6881.6,1989,1.8,2.07,85.518,4.7975
20-07-2018,20.16,4590.8,1602,0.465,0.931,106.182,3.6957
21-07-2018,21.855,4577.8,1999.8,0.92,0,107.0328,5.1507
22-07-2018,21.62,7090.7,1975.05,1.88,0.988,104.9139,5.0391
23-07-2018,25.74,0,1821.6,0,1.2096,129.9969,4.3516
24-07-2018,32.98,0,2056.4,0,0,155.5686,4.887
25-07-2018,32.67,6191.6,2347.1,0.96,0,135.0342,8.2344
26-07-2018,32.2,6006,2246.6,0.96,0,142.0468,14.076
27-07-2018,37.05,0,2493.2,0,0,129.519,21.5397
28-07-2018,44.16,0,2594.7,0,0.8439,158.2768,14.751
29-07-2018,33.95,0,2260.1,0,2.016,141.1974,9.84
30-07-2018,20.7,6343.8,2070,0.96,1.0246,90,9.8487
31-07-2018,23.85,6370,2270.5,1.455,0,109.7712,10.633
1/8/2018,26.32,6534,2343.6,1.96,0.846,104.4434,8.5281
2/8/2018,30.485,6999.3,2229.5,2.76,1.8382,127.1589,6.2271
3/8/2018,27.225,5980,2066.1,0.91,0.9964,116.199,4.6851
4/8/2018,19.32,7056,2097,0.96,0,82.9196,5.3326
5/8/2018,29.7,6324.5,2338.7,1.9,0,113.2281,8.9184
6/8/2018,24.5,6004.3,2395.9,0.92,0,96.1495,10.5248
7/8/2018,18.9,8293.5,2111.2,4.14,0.459,88.7096,8.464
8/8/2018,23.25,120120,2133.8,6.44,1.0864,103.5222,2.2724
9/8/2018,21.12,0,2211.3,0,1.9008,87.8141,2.3661
10/8/2018,20.68,5787.6,2206.75,1.44,1.978,91.865,1.7376
11/8/2018,19.565,5315.6,2131.2,0.96,0.1152,92.976,1.68
12/8/2018,19.53,4956.9,2071,0.45,0.9894,87.6603,1.3468
13-08-2018,24.96,6345.9,2163.1,0.93,0,109.5946,1.4647
14-08-2018,27.6,6289,2562.7,0.9,0,107.8368,1.7654
15-08-2018,29.4,8778,2603,3.84,0.1767,98.541,8.8998
16-08-2018,30.24,8048.7,2584,3.6,2.1792,108.8614,8.028
17-08-2018,31.02,6213.2,2597,0.92,0,115.8129,12.6308
18-08-2018,39.6,6909,2628.7,1.455,0.1274,140.22,12.4397
19-08-2018,34.5999,5106,2479.4,1.485,1.872,129.7108,9.1326
20-08-2018,22.05,6714,2061,1.35,0,101.6405,7.9261
21-08-2018,16.2,0,1843.2,0,1.5876,92.8125,5.0825
22-08-2018,22.95,8006.4,2288.65,0.97,0,92.2649,7.1586
23-08-2018,26.46,0,2517.5,0,0.3094,95.7766,11.3393
24-08-2018,23.03,6964.4,2295.4,2.325,2.0832,90.344,6.3
25-08-2018,22.31,6164.2,2213.7,1.82,0.9765,95.7068,5.841
26-08-2018,22.56,7085.4,2479.95,1.38,0,86.229,8.232
27-08-2018,28.365,8645,2452.45,2.91,0.3648,104.1164,7.657
28-08-2018,24.91,8860.5,2380.8,2.91,2.3328,99.3792,6.3147
29-08-2018,23.4,6664.6,2331.45,1.84,1.3432,99.36,4.55
30-08-2018,24.255,6835.5,2268.7,1.98,0,100.5385,4.7564
31-08-2018,26.235,7178,2548.4,0.95,0,89.9298,8.3904
1/9/2018,28.8,9114,3028.2,1.38,1.0556,99.4176,8.2264
2/9/2018,30.69,7560,2539.2,1.8,1.2838,107.824,5.8656
3/9/2018,27.3,9702,2415,1.88,0,107.4326,6.2865
4/9/2018,38.8766,14553,2692.8,4.8,0.4823,137.099,8.3692
5/9/2018,26.32,11970,2630.4,4.8,2.033,96.0586,6.3891
6/9/2018,29.575,10920,2592.1,2.88,2.1879,119.1839,4.176
7/9/2018,28.8,10080,2454.1,0.95,2.4402,116.2084,2.7528
8/9/2018,0,0,0,0,0,0,0
9/9/2018,0,0,0,0,0,0,0
10/9/2018,0,0,0,0,5.6856,0,0
11/9/2018,0,0,0,0,7.5764,0,0
12/9/2018,0,0,0,0,6.3791,0,0
13-09-2018,0,0,0,0,6.3204,0,0
14-09-2018,0,0,0,0,2.1948,0,0
15-09-2018,0,0,0,0,0,0,0
16-09-2018,0,0,0,0,0,0,0
17-09-2018,0,0,0,0,0,0,0
18-09-2018,0,0,0,0,0.0396,0,0
19-09-2018,0,0,0,0,0,0,0
20-09-2018,0,0,0,0,0,0,0
21-09-2018,0,0,0,0,0,0,0
22-09-2018,0,0,0,0,0,0,0
23-09-2018,26.39,0,1598,0,0,160.3546,0
24-09-2018,14.85,10716,2415.6,1.8,0,60.2504,644.323
25-09-2018,19,27936,2617.95,4.8,0.4275,66.787,39.0726
26-09-2018,23.5569,19497,3044.86,3.84,1.746,69.644,8.9112
27-09-2018,17.945,19206,2037,2.91,1.2103,83.695,3.5625
28-09-2018,25.48,16533,3686,2.73,1.4469,68.5224,4.374
29-09-2018,28.67,14130,3446.4,4.32,1.3524,79.0128,3.4782
30-09-2018,25.935,16137,3611.3,3.96,1.2834,71.9262,2.9484
1/10/2018,24.645,27249,3163.05,4.85,1.5326,77.9636,1.927
2/10/2018,22.56,19285,3219.5,3.6,1.7751,66.5665,1.8768
3/10/2018,23.75,12558,3460.8,6.44,2.0367,67.2695,2.1266
4/10/2018,24.645,21432,3768.1,6.37,1.2319,67.5416,2.1432
5/10/2018,31.5,14570,4231.5,5.94,0.1164,74.5173,3.008
6/10/2018,33.725,11684,4013.8,4.5,2.9488,78.983,2.3644
7/10/2018,35.49,11997,4126.85,3.88,2.3712,83.42,2.3808
8/10/2018,26.22,12060,4071.9,2.97,2.2908,63.7887,2.4651
9/10/2018,23.8102,10450,3474.24,2.425,0,67.1594,2.576
10/10/2018,30.36,11780,3838,4.85,0.0096,79.2296,3.6768
11/10/2018,29.575,8341,4085,2.375,2.8215,74.0684,3.969
12/10/2018,25.65,7497,3302.4,1.35,1.494,70.641,3.0674
13-10-2018,26.505,7182,3264.05,1.485,0,80.465,4.0755
14-10-2018,30.55,6819.1,2902.5,0.94,0,90.702,5.6265
15-10-2018,36.8,7576.4,2975.7,2.88,0,119.8736,10.1038
16-10-2018,39.01,8040.8,3322.25,3.43,1.3328,110.2647,8.2656
17-10-2018,28.71,6918.4,2777.7,0.95,1.2032,94.2144,6.3365
18-10-2018,31.68,6633.6,3019.2,1.35,0,102.8314,10.989
19-10-2018,26.39,8160,2923.4,3.22,0,85.79,18.576
20-10-2018,40.04,8408.8,3401,2.85,1.2555,116.7645,13.4199
21-10-2018,36.375,7816.9,3037.5,2.275,2.9204,101.1101,7.0494
22-10-2018,27.84,6004,2538.9,1.82,1.449,97.7036,4.83
23-10-2018,23.75,6269.9,2378.2,1.365,0,91.8745,5.8006
24-10-2018,24.38,6231,2589.7,2.97,0,92.3424,7.056
25-10-2018,25.175,7219.2,2376.15,2.475,0,96.4596,7.0462
26-10-2018,25.11,5299.2,2669.5,1.82,0,94.1682,7.9968
27-10-2018,30.195,7392,2626.4,2.76,0,112.6719,10.3684
28-10-2018,27.3,7105,2563.2,1.94,0,103.3712,28.7277
29-10-2018,27.36,7428.4,2382.8,2.325,0.3588,101.2368,119.3445
30-10-2018,28.13,6417,2448.7,2.275,0,104.6408,109.8006
31-10-2018,25.175,6916,2293.6,3.68,0,104.2656,103.23
1/11/2018,29.295,9506,2410.4,1.98,0,110.6116,108.547
2/11/2018,23.92,7952.4,2058.6,3.72,0,115.1584,88.1342
3/11/2018,30.38,6950.4,2243.15,0.98,0,116.9568,98.9952
4/11/2018,32.66,5566.4,2762.1,1.41,0.49,124.6952,51.0705
5/11/2018,36.86,6523.6,2436.6,3.185,0.774,133.4368,30.785
6/11/2018,29.25,7110.1,1992.8,2.91,0,139.503,25.344
7/11/2018,32.3,6652.8,2067.8,4.14,0,154.6944,25.384
8/11/2018,50.49,7038,1890,4.455,0,240.4314,27.3141
9/11/2018,45.7366,6964.6,1824,3.68,0,221.067,25.0978
10/11/2018,39.13,7291.2,2043.3,1.94,0.8464,189.7408,16.366
11/11/2018,38.115,6157,1774.5,1.455,0.7524,191.5168,13.4946
12/11/2018,41.85,6550.4,2058.6,4.8,0.1666,201.3704,20.7368
13-11-2018,56.58,8435.1,2108.7,4.55,2.162,277.1808,8.6039
14-11-2018,38.2833,9069.5,1761.76,5.64,2.1902,195.7452,4.7136
15-11-2018,24.5,0,1675.8,0,1.3563,138.89,3.2578
16-11-2018,27.55,9357.5,1638,4.6,0,148.2212,3.213
17-11-2018,28.8,9310,1621.5,4.55,0,172.1709,3.6084
18-11-2018,35.49,8963.5,2069.1,5.46,2.09,175.404,3.3345
19-11-2018,43.65,6106.1,1750.5,2.82,2.0758,244.3728,2.6068
20-11-2018,48.76,5814.4,1964.25,2.88,1.1132,251.2608,3.0318
21-11-2018,34.56,7425,1656,5.64,0,176.085,3.9285
22-11-2018,49.68,6553.8,1973.07,2.76,0,249.274,5.4708
23-11-2018,38.18,6966,1728,1.92,0.9996,207.504,4.5315
24-11-2018,39.6,8316,2092.3,2.94,0.3589,201.9682,4.8128
25-11-2018,40.8,7603.2,2237.4,3.8,1.1284,173.006,5.895
26-11-2018,31.68,8896.4,2006.55,5.76,2.4304,136.1906,5.3196
27-11-2018,18,10388,1485,3.325,0.5568,127.9968,3.8095
28-11-2018,25.92,7920,1794.9,3.6,0,131.506,4.8545
29-11-2018,37.8,7553,1789.4,4.9,0,202.9836,4.9098
30-11-2018,43.24,6494.4,2009.25,0,0,199.998,6.4992
1/12/2018,48.45,6426,2093,4.65,0,204.0038,7.7568
2/12/2018,49.875,9004.8,1896,5.4,1.1375,255.1872,6.528
3/12/2018,47.025,7194.4,1957.65,4.7,0,230.447,16.72
4/12/2018,54.805,7692.3,2218.25,6.93,0,227.4518,27.6276
5/12/2018,44.55,7325.5,2128,5.46,1.3764,214.3506,12.1667
6/12/2018,46.56,6033.3,1867.6,3.76,3.1486,215.1695,5.0692
7/12/2018,38.115,4878.6,1821.6,1.8,1.175,196.6856,3.9284
8/12/2018,36.63,5168,1780.2,1.38,0,181.6495,4.408
9/12/2018,39.01,6213.2,1906.5,1.425,0,196.3668,6.0384
10/12/2018,38.61,7728,1917,6.58,0,179.438,6.37
11/12/2018,57,6372.9,2187.9,4.6,2.4104,263.3453,4.4712
12/12/2018,46.8801,6101.3,2007.84,2.76,0,203.634,5.7526
13-12-2018,50.925,6316.8,2281.95,2.79,0,216.3815,11.2894
14-12-2018,29.44,6625.1,2205,5.46,1.6815,120.1612,10.7514
15-12-2018,56.64,6843.2,2275.2,2.88,1.8,241.4815,6.831
16-12-2018,44.7566,7337.7,1788.39,5.52,0,230.3653,4.9956
17-12-2018,0,0,0,0,1.1011,0,0
18-12-2018,44.55,0,1974.7,0,0,188.7067,7.5525
19-12-2018,59.22,7228.8,2435.4,2.82,0.0094,230.49,8.1686
20-12-2018,55.86,7990,2164.76,5.76,0.9408,220.4384,6.072
21-12-2018,27.84,8880.3,1464.7,5.46,0.198,180.527,5.3312
22-12-2018,42.78,9215,1884.7,5.94,0,222.5471,11.7366
23-12-2018,52.325,7862.4,2100.05,4.7,0,257.6223,12.3188
24-12-2018,55.335,8408.8,2227.2,4.5,1.5811,248.7759,11.2437
25-12-2018,52.92,6713,1957.65,3.88,2.196,241.1382,5.463
26-12-2018,36.45,5170,1891.2,1.44,1.0829,199.4126,4.512
27-12-2018,35.49,5544,1734.2,1.96,0,188.279,5.6529
28-12-2018,40.74,7474.5,1619.8,1.96,0,226.5216,5.3475
29-12-2018,50.22,6495.2,2085.5,1.86,0,246.1368,6.8432
30-12-2018,36.4135,6612.3,2026.64,1.86,0,170.6688,7.1535
31-12-2018,35.55,7120.8,1934.4,4.65,0,188.1888,9.765
1/1/2019,0,0,0,0,0,0,0
2/1/2019,0,0,0,0,0,0,0
3/1/2019,0,0,0,0,0.9408,0,0
4/1/2019,35.945,6789.6,2049.3,1.94,1.3254,173.6462,14.2104
5/1/2019,44.59,6692.8,2027.3,1.88,0,213.346,14.63
6/1/2019,45.12,7399,1906.45,2.88,0.8188,217.6098,10.166
7/1/2019,53.9,7268,1978,2.7,0,232.7871,10.3776
8/1/2019,49.29,8271.9,2011.6,5.46,0.0186,225.3706,10.486
9/1/2019,47.3568,7616.7,1876.24,5.4,1.94,239.7258,5.8425
10/1/2019,44.175,6899.6,1925.1,2.85,1.045,217.9008,6.0288
11/1/2019,45.59,7434.7,2221.3,4.85,0.0279,201.1352,8.8128
12/1/2019,52.78,0,1838.2,0,2.162,261.2883,4.9784
13-01-2019,46.965,6678,1970.1,2.76,0,238.5438,5.4219
14-01-2019,49.44,7173,1794.9,6.86,0,256.1664,5.5935
15-01-2019,49.95,7644,1934.4,6.58,0,248.1519,5.766
16-01-2019,60.8,8704.4,1929.75,5.52,0.2744,280.6713,8.2305
17-01-2019,62.98,7771.5,1930.6,4.55,2.8906,323.095,5.4096
18-01-2019,57.715,7371,1788.15,3.92,0.5445,284.632,4.788
19-01-2019,61.75,7090.7,2024,1.9,2.1658,268.8595,5.5872
20-01-2019,51.45,6051.5,2267.1,1.86,2.0367,206.334,4.3941
21-01-2019,54.28,5782,1857.55,0,2.1948,298.8473,2.745
22-01-2019,32.76,6497.4,1435.5,2.7,1.4112,203.139,2.088
23-01-2019,29.44,5520,1764,1.88,0.0564,155.1065,2.945
24-01-2019,23.265,6956.4,1579.05,2.7,0,145.8666,3.366
25-01-2019,38.64,6164,1764,4.8,0,195.0039,4.5441
26-01-2019,48.15,6617.6,2039.8,4.75,0.92,236.6784,5.5614
27-01-2019,55.965,5884.4,2272.05,4.85,1.1808,246.5324,6.7528
28-01-2019,61.7568,6375.6,2233.91,3.8,1.1349,254.1903,8.688
29-01-2019,57.42,2832.4,1041.95,3.88,1.9475,471.0915,4.1325
30-01-2019,45.54,5860.4,1829.1,0,1.8693,219.7056,5.2546
31-01-2019,51.895,6198.3,1965.15,0,1.1253,258.7392,4.7726
1/2/2019,39.06,0,1755,0,0,198.1496,4.636
2/2/2019,47.25,5841,1945.8,2.91,0,240.7831,6.1182
3/2/2019,52.44,5731.6,1953.6,3.84,0.0276,268.896,6.5658
4/2/2019,66.64,6885,1995,3.8,1.1834,291.429,6.282
5/2/2019,36.8,6956.4,1680,3.72,3.5244,223.9986,4.0224
6/2/2019,16.803,7154,1381.98,3.325,2.4645,121.8708,3.059
7/2/2019,21.15,1999.5,1391.75,1.88,0,148.9726,3.7812
8/2/2019,40.74,5926.7,1407.6,2.4,0,263.5296,4.0755
9/2/2019,42.75,5841,1467,2.7,0,276.8395,4.3747
10/2/2019,52.47,0,1716.9,0,0.4224,269.496,4.4175
11/2/2019,54.45,6072.4,1566,2.7,0.558,287.6419,4.9056
12/2/2019,52.25,5980,1936.4,3.64,0.0784,253.6405,11.8107
13-02-2019,35.1,6513.6,1953.6,4.6,0.779,172.485,20.8754
14-02-2019,53.11,7695,1994.85,2.82,1.8432,242.328,9.4913
15-02-2019,56.26,7520,2093.85,2.91,0,260.5185,9.5351
16-02-2019,54.145,6415.2,2029.5,3.88,0,248.0284,9.956
17-02-2019,52.865,6831,2097.55,4.65,0,215.1604,12.0087
18-02-2019,45.6,6928.5,2265.4,6.51,1.0192,181.2447,10.317
19-02-2019,48.23,6100.8,2148.3,3.88,2.1534,220.2624,6.2682
20-02-2019,52.64,6992,1934.4,3.6,1.164,266.5377,5.537
21-02-2019,47.25,6324.4,1822.8,4.9,0,249.1098,7.5072
22-02-2019,38,5865.6,1701.7,2.97,0.361,196.788,6.6402
23-02-2019,34.04,5804.5,1656.2,2.475,1.1284,197.201,5.5341
24-02-2019,24.25,5705.8,1395,4.85,0.3663,165.0033,4.0222
25-02-2019,30.3303,5856.2,1474.98,3.96,0,193.338,5.394
26-02-2019,30.4,5821.8,1673.25,2.91,0,176.2345,10.5546
27-02-2019,48.02,5505.6,1581.75,2.91,0,282.5184,16.6176
28-02-2019,31.85,5989.5,1484.1,0,0,210.4592,15.5976
1/3/2019,23.85,5595.8,1628.4,0.92,0,137.7424,21.8832
2/3/2019,20.46,0,1488,0,0,132.0042,80.8535
3/3/2019,26.39,4336.2,1501.5,0.93,0,158.184,0
4/3/2019,26.97,5445,1603.8,2.82,1.089,175.4298,28.9085
5/3/2019,23.04,5017.6,1105.8,2.4,0.8372,204.2141,11.5115
6/3/2019,23.765,5184,1270.7,2.76,0.4268,185.1498,11.1293
7/3/2019,27.6,5264,1350,2.85,0,186,13.064
8/3/2019,40.42,5499,1361.6,3.64,0,278.9184,12.6945
9/3/2019,29.76,5377,1450.4,3.76,0,207.5712,13.2672
10/3/2019,16.56,5529,1247.4,0,0,134.2884,10.3467
11/3/2019,27.36,5452,1321.65,3.72,0,209.2104,22.4334
12/3/2019,33.725,7056,1712.7,3.6,0,192.888,82.9835
13-03-2019,35.15,6175,1992.8,1.82,0,167.5488,0
14-03-2019,39.01,6292.8,2182.95,4.5,0,171.2711,0
15-03-2019,23.205,5358,1572.25,3.64,0.954,140.2128,31.9374
16-03-2019,25.935,4823,1954.55,0.98,0,135.7824,36.828
17-03-2019,26.32,4770,1991.8,0.97,0,125.4501,42.091
18-03-2019,32.01,6090.4,1846.05,4.5,0,151.2875,38.2536
19-03-2019,28.52,5517.8,1894.5,3.72,0.0658,139.9065,37.6675
20-03-2019,33.465,5529,1961.75,2.76,1.9497,155.3751,12.843
21-03-2019,26.32,5387.2,1856.5,3.88,0,134.6815,13.262
22-03-2019,26.6,5915.6,1747.2,2.73,0.855,142.9134,12.5671
23-03-2019,24.75,5893.8,1836.45,2.35,2.2275,143.8025,6.8068
24-03-2019,23.275,5648.8,1375.4,1.94,0.4171,155.686,5.3606
25-03-2019,19.32,6091.6,1643.5,2.73,0,110.4649,6.061
26-03-2019,20.855,5103,1702.35,2.76,0,112.7092,6.3168
27-03-2019,0,0,0,0,0,0,0
28-03-2019,24.645,6095.6,1642.5,2.73,0.054,130.689,9.243
29-03-2019,27.1968,4896,2029.2,0.95,0,129.9774,15.2996
30-03-2019,24.01,5914.8,1729.6,4.55,2.156,129.0168,14.136
31-03-2019,16.65,5615.4,1629,1.82,0.931,97.0995,11.0474
1/4/2019,23.92,7840,1989.9,3.8,0,128.0565,12.7314
2/4/2019,26.675,8055.6,1943.7,4.6,0,119.7378,12.1444
3/4/2019,28.42,6266.7,2092.85,1.94,0,127.6908,12.7584
4/4/2019,27.93,5704,2185.5,1.96,0,118.8544,13.1495
5/4/2019,34.56,7281.4,2395.9,4.9,1.0989,138.4625,9.693
6/4/2019,22.295,7162.8,1955,4.8,0,107.2197,17.9328
7/4/2019,28.2,7381.5,2194.5,5.82,0,118.1817,35.4662
8/4/2019,29.7,7663.6,1998,5.94,0,135.2715,32.108
9/4/2019,32.43,6435,2110.3,3.88,0,152.1333,35.7798
10/4/2019,32.76,6118,2009.7,3.88,0.0576,161.3794,28.125
11/4/2019,32.34,0,2514.6,0,1.316,126.0224,17.0814
12/4/2019,33.165,5220,2158.2,2.97,0.4158,138.303,19.125
13-04-2019,26.88,4370,2107,1.94,1.3483,121.1139,12.4608
14-04-2019,24.44,4230,1960.2,0.93,0,124.7445,12.3975
15-04-2019,20.68,7002,1679,4.55,0,116.9335,11.438
16-04-2019,34.3,6300,2347.4,5.76,0,130.167,14.3325
17-04-2019,27.3,6222.5,2328,3.8,0,115,15.2256
18-04-2019,30.4,5890,2217.2,2.275,0.2134,126.141,24.3373
19-04-2019,41.085,5633.1,2317.1,3.72,1.1931,163.3092,16.9188
20-04-2019,25.85,5228.3,1799.55,4.5,0.3069,127.908,20.8012
21-04-2019,24.75,5316.3,1911.15,4.8,0,118.0005,21.6568
22-04-2019,31.62,5634,2254,2.82,0,134.6166,27.6165
23-04-2019,29.7,6909.2,2469.6,4.65,1.512,115.4785,14.44
24-04-2019,28.42,5049,2213.4,5.52,2.5123,120.6315,7.735
25-04-2019,19.74,4823,1619.9,1.38,0.963,120.72,4.9128
26-04-2019,17.67,7389,1795.5,4.95,0,98.5194,6.5835
27-04-2019,19.74,6384.8,2061,4.5,0,89.866,7.74
28-04-2019,23.97,6399.4,2284.35,5.94,0,106.1144,7.9304
29-04-2019,35.28,6240,2361.95,2.76,0,138.9696,8.5152
30-04-2019,34.96,6201.6,2180.4,2.79,0,157.1332,11.7299
1/5/2019,26.79,6752.8,2014.8,4.75,0,122.3316,36.879
2/5/2019,26.39,6545.5,2338.7,3.185,0,108.3264,0
3/5/2019,13.3,6612,1945.8,3.92,0,64.2485,0
4/5/2019,30.08,7407.2,2520.8,4.5,1.287,115.6221,33.2572
5/5/2019,20.24,7642.8,2496,3.6,2.4297,76.158,11.3157
6/5/2019,22.75,5824,2143.35,1.82,0,112.0059,9.3492
7/5/2019,26.125,6157,2129.15,5.64,0.2945,122.7744,8.4318
8/5/2019,28.975,5940.8,2484.3,4.275,1.656,117.9136,7.1345
9/5/2019,28.91,5759.2,2260.1,3.92,0,116.4812,6.86
10/5/2019,19.2,8370,1836.45,5.88,0.945,101.3508,4.4786
11/5/2019,27.9,6897,2389.25,2.7,0,114.5088,7.4976
12/5/2019,27.36,5985,2486.3,1.98,0.3913,104.5175,13.053
13-05-2019,23.03,5787,2173.05,5.58,1.7472,100.458,7.3458
14-05-2019,22.8,6514.2,1833.6,4.5,0.8554,121.8805,5.5584
15-05-2019,32.9,5347.2,2279.5,1.94,0,137.0248,9.3184
16-05-2019,24.57,6003,2124.4,5.46,0.4257,113.4965,8.0899
17-05-2019,29.7,0,2070,0,1.3622,133.4364,8.1972
18-05-2019,23.85,5942.3,1978.8,4.9,1.9158,124.704,5.2234
19-05-2019,18.43,6365.7,1512,3.84,1.8336,111.969,3.7536
20-05-2019,17.46,6334.1,1581.1,3.76,0.2548,104.9085,4.3056
21-05-2019,19.2,5904,1564.8,1.82,0,121.473,5.0313
22-05-2019,19.8,5310.3,1569.8,2.94,0,108.9816,5.0784
23-05-2019,68.31,0,3224.2,1.8,0.5346,188.757,10.0161
24-05-2019,27.16,4940.1,1992.8,1.35,0.5488,122.8344,7.8208
25-05-2019,27.16,4732.8,1800,2.112,0,127.4,12.7015
26-05-2019,24.44,5387.2,1895.2,1.41,0,116.1132,32.9378
27-05-2019,30.225,5796,2175.6,2.79,0.027,139.08,43.4412
28-05-2019,38.115,5587.2,2147,3.64,2.4738,156.722,12.958
29-05-2019,30.03,5576.2,2190.3,1.94,0,146.1735,12.8155
30-05-2019,39.105,6751.8,2277,1.88,0,145.2009,17.0973
31-05-2019,48.985,6820.8,2196,3.64,0.1188,200.7609,16.533
1/6/2019,58.56,5760.3,2274.8,5.7,3.3165,241.9872,7.9695
2/6/2019,35.49,0,2049.2,0,1.3774,175.322,5.7816
3/6/2019,30.94,6949.8,2303.75,3.92,0,137.4336,5.7684
4/6/2019,30.08,7049,2070,2.85,1.9929,136.3474,5.89
5/6/2019,46.035,7042.2,2346.5,2.88,2.043,182.6122,4.4226
6/6/2019,25.175,7791,2102.4,6.51,0.057,119.79,3.753
7/6/2019,34.41,7785,2457.6,6.51,0,137.3035,4.275
8/6/2019,33.67,7514.4,2557.5,1.84,0,127.8225,7.5166
9/6/2019,39.06,7133.1,2667.5,3.8,0.9025,146.6208,8.1732
10/6/2019,44.64,6900.6,2583.9,0,1.9158,182.0709,5.3103
11/6/2019,34.58,6326.1,2034,3.6,1.3959,164.7772,5.4514
12/6/2019,24.25,7379.4,2033.2,1.94,0.7125,106.3328,6.6364
13-06-2019,22.56,7110,2028.25,2.7,0,107.8686,6.348
14-06-2019,33.48,7430.7,2441.5,4.23,1.0416,138.6792,6.2972
15-06-2019,39.77,7227,2509.8,4.8,1.3916,144.3464,5.283
16-06-2019,39.56,6672.6,2660,3.68,1.0556,138.213,5.673
17-06-2019,33.32,5409,2223,4.6,2.124,139.488,4.646
18-06-2019,31.5,5402.9,2356.9,4.32,0,128.383,6.165
19-06-2019,45,7340.2,2256.8,4.23,1.0695,199.5939,5.704
20-06-2019,32.64,5544,2205,5.82,0.95,129.0654,5.4684
21-06-2019,32.2,7083,2097.6,5.64,0.637,150.4398,5.1512
22-06-2019,30.36,5760,2453.4,1.47,1.2103,122.6468,6.3072
23-06-2019,37.35,7016.1,2428.8,1.9,1.0304,155.8285,6.0819
24-06-2019,34.56,6561.2,2077.53,4.9,2.256,149.8055,5.439
25-06-2019,29.14,6480,2059.2,4.7,0.8924,138.7392,4.3844
26-06-2019,36.8,6743.6,2111.1,4.65,0.2784,169.1616,5.2234
27-06-2019,35.625,7177.5,2241.3,4.7,2.1762,152.488,4.6256
28-06-2019,35.9631,7086.6,2068.43,3.72,0,163.3248,4.559
29-06-2019,40.89,7469,2213.5,6.58,1.638,169.897,4.4884
30-06-2019,65.1,5490,2418,4.75,2.124,250.3839,4.167
1/7/2019,47.52,5614.7,2355.2,3.88,2.169,191.4264,4.186
2/7/2019,32.9966,5121.6,2079.48,4.095,2.241,138.5336,3.5378
3/7/2019,26.675,4613.7,1848,2.7,2.1384,140.0028,2.6414
4/7/2019,31.155,4550,1976,3.96,0,156.2282,3.5512
5/7/2019,34.92,6305,2184,1.86,0,139.5,4.2594
6/7/2019,40.5,6534,2836.5,2.97,1.4288,143.1138,5.9558
7/7/2019,36.63,6351.9,2297.1,1.38,2.169,137.816,4.7142
8/7/2019,59.52,6563.7,2448,1.94,0,233.4144,6.1692
9/7/2019,44.1,5985,2682.9,2.25,0,149.445,8.298
10/7/2019,40.95,6515.6,2842,1.41,0,148.9632,13.5594
11/7/2019,39.585,6918.4,2870.4,2.82,1.4504,135.2964,9.936
12/7/2019,41.58,0,2908.8,0,2.3276,126.1351,6.8064
13-07-2019,57.66,5685.6,3123.4,2.73,2.0367,175.2205,6.669
14-07-2019,41.4,5842,3207.6,3.6,0,125.001,9.3248
15-07-2019,48.02,7229.5,2711.15,6.86,1.3132,168.2976,6.5265
16-07-2019,58.88,6949.8,2958.5,2.94,2.6362,203.5448,5.206
17-07-2019,36.86,6477.8,2712.6,0,2.4196,130.3686,3.6921
18-07-2019,27.72,6880.5,2223,4.275,1.9305,103.1576,3.325
19-07-2019,45.105,6844.8,2686.4,1.82,0,156.065,4.6137
20-07-2019,54.52,7096.5,2798.4,1.96,1.739,193.0009,4.9373
21-07-2019,51.615,7731.9,2527,1.9,0.782,198.2175,4.0449
22-07-2019,73.6,8406,3074.9,6.79,0.846,239.7515,4.6314
23-07-2019,67.795,7562.4,2601,4.75,2.9532,237.1668,3.9008
24-07-2019,43.0869,5997.2,2513.7,1.9,2.772,159.2448,3.8808
25-07-2019,42.72,5971.2,2646,1.92,1.8,149.8464,3.948
26-07-2019,52.8,6201.6,2801.2,4.75,2.3552,166.104,3.195
27-07-2019,43.71,9110.4,2461.5,4.75,0.2079,153.018,3.2214
28-07-2019,61.57,9002.4,2658.8,4.95,2.3478,224.3736,3.0624
29-07-2019,59.52,8026.2,3013.5,4.8,2.5389,191.4796,2.9876
30-07-2019,32.34,7942,2660,6.51,1.4155,108.4312,3.0048
31-07-2019,33.015,8179.2,2743.5,0.98,1.3113,119.1366,3.3294
1/8/2019,58.56,9360,2970.4,5.46,0.9504,183.388,3.7636
2/8/2019,62.23,9011.3,3006,4.75,2.5389,180.614,3.7926
3/8/2019,52.545,6384,2707.2,0.96,1.739,188.3328,2.763
4/8/2019,45.12,5022,2092.3,0.9,1.7572,209.133,2.3478
5/8/2019,37.8,5520,2205,0.98,0,162.8585,3.6177
6/8/2019,55.2,6350.4,2315.74,0,2.128,238.6754,3.3304
7/8/2019,32.9,6808,2277,1.9,1.1562,131.423,3.618
8/8/2019,43.24,6984,2664,1.88,0,150.841,5.17
9/8/2019,33.66,6935,2315.7,1.82,1.116,133.819,5.1688
10/8/2019,67.34,5961.6,2619,5.64,2.2204,228.87,5.9185
11/8/2019,69.3,5886.9,2678.4,5.82,2.304,235.7682,5.6154
12/8/2019,30.69,0,2413,4.23,2.162,112.286,3.7014
13-08-2019,42.315,5760,2390.1,3.6,2.2272,166.4176,3.6892
14-08-2019,43.68,5529.6,2547,1.365,1.0647,161.1295,4.2042
15-08-2019,0,0,0,0,0,0,0
16-08-2019,44.175,8136,2853,6.37,1.1858,132.021,4.8192
17-08-2019,71.04,7857,3308.8,4.55,1.9596,208.1277,5.0778
18-08-2019,32.98,6305.4,2340,2.7,1.4601,128.1546,4.0755
19-08-2019,27.6,6526.8,6060.6,4.75,0,40.545,13.4044
20-08-2019,35.88,6006,2431.95,3.68,0,137.2088,7.623
21-08-2019,53.9,9595,2925.3,4.8,1.9437,175.0375,6.6528
22-08-2019,45.6,6201.6,2672.6,2.79,2.9205,163.5777,4.4804
23-08-2019,27.6,5950.2,2293.2,2.97,1.968,126.9279,3.5814
24-08-2019,33.6,6297.6,2256,3.76,0,141.4551,4.518
25-08-2019,57.95,6642,2817.6,2.94,1.102,193.2912,6.0515
26-08-2019,39.77,0,2327.5,0,1.5548,164.003,3.9676
27-08-2019,29.89,5141,2392,1.98,2.2113,116.1369,3.6002
28-08-2019,20.475,7407,2049.3,0.95,0.608,104.352,3.5476
29-08-2019,33.48,7125,2677.2,0.97,1.7848,123.9085,5.0304
30-08-2019,32.85,6110,2479.75,0.93,1.2648,125.9036,5.0968
31-08-2019,40.85,6651.6,2520.7,3.15,1.3167,153.6777,4.5402
1/9/2019,46.55,6854.4,2650.5,2.73,2.8608,156.63,3.9615
2/9/2019,31.68,6357.2,2364.4,2.79,1.2927,123.2649,3.743
3/9/2019,55.2,8643.6,2937.6,3.465,1.134,184.3152,4.374
4/9/2019,38.0832,8390.4,2661.68,1.47,2.4288,135.8358,3.4368
5/9/2019,25.92,0,2367,0,0.7728,99.5802,3.45
6/9/2019,29.45,9890.1,2364.4,1.92,0,119.4138,3.5328
7/9/2019,56.64,10098,2951.6,3.84,1.3559,182.263,3.9676
8/9/2019,67.62,9752,3087,2.85,2.9234,187.0881,4.2874
9/9/2019,35.77,5870.7,2588.95,3.84,1.7721,116.753,3.3028
10/9/2019,47.7,5359.9,2901.6,1.88,0.1536,154.5817,4.158
11/9/2019,32.9,6993.6,2559.15,3.6,1.8048,128.63,3.9192
12/9/2019,48.88,8793.6,2881.2,3.64,0.1485,164.4891,4.9632
13-09-2019,47.6966,6115.2,2769.13,2.7,1.2384,147.1448,4.8216
14-09-2019,45.045,7907.9,2827.2,3.68,1.8786,142.1865,4.464
15-09-2019,35.52,6605.7,2507.05,1.94,0.8918,128.928,5.8608
16-09-2019,61.1,9991,3064.4,4.85,1.1781,197.3961,6.612
17-09-2019,46.53,9898,2845.25,3.76,2.07,160.3216,4.427
18-09-2019,43.3865,6495.2,2980.81,2.85,0,145.6476,5.4
19-09-2019,43.71,8006.4,17460,4.95,1.6055,23.9877,31.1079
20-09-2019,61.2,0,0,3.96,1.5092,0,0
21-09-2019,41.4,7680,2907.18,3.8,1.7248,133.8735,4.7244
22-09-2019,66.5,8892,2821.5,5.46,1.7005,221.049,3.8688
23-09-2019,29.12,5669.3,2780.7,5.82,0.744,99.5286,4.284
24-09-2019,42.77,6343.8,2810.6,3.6,1.8135,140.0035,5.2477
25-09-2019,59.4,8517.6,2584.4,3.96,0,200.7065,4.5026
26-09-2019,61.57,8626.8,2673.6,4.9,2.6036,214.0229,3.772
27-09-2019,32.76,7488,3004.65,0.93,0.3627,106.758,4.788
28-09-2019,35.625,8277,2684.5,3.92,1.2177,115.6792,4.845
29-09-2019,45.105,6580,2961,0.9,2.304,137.1006,5.2416
30-09-2019,48.76,5570.7,2806,2.425,0,172.0323,5.0414
1/10/2019,40.5,9466.8,3443.5,4.75,0.486,124.2248,7.0325
2/10/2019,22.54,10098,2428.8,4.8,2.3166,85.3776,3.6855
3/10/2019,41.58,6750,2748.2,4.6,1.2222,134.8979,5.6529
4/10/2019,30.72,7672.8,2497.8,3.96,1.5345,111.967,4.3659
5/10/2019,49,7798.7,2956.8,2.82,0,155.8464,5.3754
6/10/2019,67.9,8865.8,3450.3,4.85,1.4651,169.812,7.4943
7/10/2019,39.105,6624,2915.55,4.65,1.3286,119.7,4.9444
8/10/2019,41.4,6743.6,3348.8,1.88,0,118.7878,6.1607
9/10/2019,69.75,9216.9,3636.3,3.8,1.0656,184.1472,7.794
10/10/2019,46.06,8811,2817,6.79,2.4795,145.6552,5.32
11/10/2019,59.8,9672.6,3581.4,3.6,0.18,155.246,7.8596
12/10/2019,48.015,0,3312.55,6.65,1.5252,139.1796,5.2871
13-10-2019,57.475,8036,3072,4.9,2.403,177.7164,4.7918
14-10-2019,38.115,7924.2,2836.5,4.8,2.3876,119.9185,3.8634
15-10-2019,45.59,6296.4,3237.3,4.85,2.3183,135.1062,3.3488
16-10-2019,32.4,9072.7,2370.25,0,1.1921,139.9613,2.5389
17-10-2019,39.2733,7212.8,3038,4.65,0,115.173,4.2432
18-10-2019,42.75,7087,3306.15,5.94,0,126.9295,4.878
19-10-2019,66.24,6863.2,3390.8,6.51,0.2548,199.7664,5.9364
20-10-2019,51.75,7857,3351.35,4.85,2.6772,149.787,5.5237
21-10-2019,38.675,7298.2,3177,6.58,1.0904,119.196,7.2666
22-10-2019,40.48,8761.2,2897.5,6.37,2.7324,142.8174,5.3176
23-10-2019,36.375,6815,2992.45,3.6,2.2752,119.1288,4.896
24-10-2019,31.04,0,2723.2,0,0,102.7045,5.0149
25-10-2019,40.48,7719,3358.25,3.72,0.7268,113.2677,5.432
26-10-2019,60.16,6900,3613.25,1.44,1.8142,163.2195,4.9082
27-10-2019,22.8,9009,2342.2,0,1.645,92.3864,3.078
28-10-2019,33.725,6890.2,2479.95,3.255,1.058,128.9652,3.3124
29-10-2019,46.56,7410,2700,4.5,0.0396,148.7364,5.7909
30-10-2019,38.54,8184,2836.5,5.4,2.0176,130.3971,5.856
31-10-2019,28.615,7585.8,2147.9,0,2.4934,118.772,3.1527
1/11/2019,23.275,0,1969.1,6.86,1.5996,119.4831,2.493
2/11/2019,42.57,7369.6,2603,4.65,2.3661,141.237,3.5343
3/11/2019,53.46,7555.8,2712,3.395,1.5531,185.4155,3.7539
4/11/2019,41.86,6182.4,2920.5,3.8,0,145.0149,4.3415
5/11/2019,41.85,7330.4,2811.9,6.37,2.0925,139.9557,3.591
6/11/2019,48.51,5795,3162.2,4.55,1.7391,147.3038,4.4946
7/11/2019,62.31,5463,2961,4.6,0.8556,195.684,4.9404
8/11/2019,50.88,5743.4,2802.5,4.7,2.2785,172.4736,4.464
9/11/2019,49.005,5268.9,3077.2,2.76,2.28,151.3344,5.0635
10/11/2019,62.37,5961.6,3263.4,2.85,2.0995,181.6224,5.4684
11/11/2019,39.9,6614.4,3059,0,2.0646,125.2128,4.4296
12/11/2019,51.48,5150.6,2815.2,1.82,2.0332,154.6363,4.1308
13-11-2019,51.94,6118.2,2695.6,1.38,2.058,166.4188,3.9668
14-11-2019,42.275,5454.9,2842,1.455,1.9594,145.7775,3.8514
15-11-2019,72.27,5668.2,2831,3.72,2.0196,242.5203,3.8272
16-11-2019,48.23,6351.8,2793.6,3.92,1.9964,169.3076,3.7715
17-11-2019,47.32,5989.2,2706.3,3.8,1.3761,160.821,4.0934
18-11-2019,43.71,5576.5,2856,4.65,0,151.6608,5.0828
19-11-2019,35.88,0,2337.7,0,0.3663,145.647,4.8112
20-11-2019,58.56,7430.4,3045.6,5.46,2.2638,173.2084,5.9565
21-11-2019,54.9,6807.6,3031.25,3.68,1.8424,187.392,5.7519
22-11-2019,38.595,8556,2494.1,1.94,1.88,159.7988,3.9949
23-11-2019,35.89,7830,2864.25,1.92,2.0544,112.9024,4.518
24-11-2019,33.32,7839.9,2784,5.64,1.9136,116.0676,3.897
25-11-2019,38.07,8207.1,2952.95,6.37,2.0286,123.5619,3.5217
26-11-2019,39.5234,8078.4,2900.8,4.23,2.1087,128.075,2.8704
